{"rectangle": [0.00001,
 0.009242057800292969,
 0.04197049140930176,
 0.38571715354919434,
 3.8978970050811768],
" regular": [0.12400126457214355,
 0.9688606262207031,
 10.478734254837036,
 100.45010256767273,
 857.5313856601715],
" improved": [0.003445863723754883,
 0.014070272445678711,
 0.05791831016540527,
 0.502612829208374,
 3.1186211109161377]}